Sr,Task Type,Title/Target,Priority,Assigned Agent,Scheduled Day,Status,Author/Owner,Started,Completed,Drive Link,Notes
1,Technical,CWV Fix: LCP on /odoo-manufacturing (2.8s -> <2.5s),P1,technical-seo,Day 1,Not Started,technical-seo,,,,Compress and properly size hero image on /odoo-manufacturing; defer non-critical JS and optimize server TTFB for this page
2,Technical,Page Fix: /odoo-manufacturing - speed,P1,technical-seo,Day 1,Not Started,technical-seo,,,,"Serve next-gen image formats for hero image, use lazy loading for below-the-fold images, and audit/remediate render-blocking CSS or JS in the head."
3,Technical,"Structural Fix: internal_linking - /odoo-manufacturing, /odoo-crm-module",P1,technical-seo,Day 1,Not Started,technical-seo,,,,Add contextual inbound links to /odoo-manufacturing from /odoo-crm-module and the top traffic landing pages.
4,Content,Odoo Implementation Partner India: Why BiztechCS Delivers Better Value in 2026,P1,content-writer,Day 2,Not Started,Uttam,,,,Keyword: odoo implementation partner india | Target: 2200 words | Vector 1
5,Content,Top 7 New Features in Odoo 17 Manufacturing Module for Indian Enterprises,P1,content-writer,Day 4,Not Started,Uttam,,,,Keyword: odoo manufacturing module | Target: 1800 words | Vector 1
6,Content,Odoo CRM Customization in 2026: A Step-by-Step Approach for Manufacturers,P2,content-writer,Day 12,Not Started,Nandeep,,,,Keyword: odoo crm customization | Target: 1800 words | Vector 2
7,Off-Page,Backlink Outreach: odoomates.com -> /odoo-17-manufacturing-module,P1,offpage-outreach,Day 1,Not Started,offpage-outreach,,,,Type: free | Angle: Offer a comprehensive data comparison of Odoo 16 vs 17 manufacturing features as an educational guest post or resource.
8,Off-Page,Backlink Outreach: planet-odoo.com -> /odoo-pos-india,P1,offpage-outreach,Day 1,Not Started,offpage-outreach,,,,Type: free | Angle: Detailed best practices on customizing Odoo POS for Indian retailers—exclusive technical insight.
9,Off-Page,Backlink Outreach: technaureus.com -> /odoo-crm-module,P1,offpage-outreach,Day 1,Not Started,offpage-outreach,,,,Type: free | Angle: Share real-world case studies on improving customer engagement with Odoo CRM customization.
10,Off-Page,Backlink Outreach: odoo-community.org -> /odoo-manufacturing,P1,offpage-outreach,Day 1,Not Started,offpage-outreach,,,,Type: free | Angle: Contribute a documentation update or community-backed tips focused on Odoo manufacturing module performance and Core Web Vitals improvements.
11,Off-Page,Backlink Outreach: erpnext.com -> /odoo-17-manufacturing-module,P1,offpage-outreach,Day 1,Not Started,offpage-outreach,,,,Type: free | Angle: Side-by-side insights comparing Odoo 17 manufacturing with ERPNext—offering unique feature parity analysis.
12,Off-Page,Backlink Outreach: manufacturingtodayindia.com -> /odoo-pos-india,P1,offpage-outreach,Day 1,Not Started,offpage-outreach,,,,Type: free | Angle: Provide research and data on how Indian manufacturers are digitizing with Odoo-based POS.
13,Off-Page,Backlink Outreach: crmsoftwareblog.com -> /odoo-crm-module,P1,offpage-outreach,Day 1,Not Started,offpage-outreach,,,,Type: free | Angle: Case-study sharing results from Odoo CRM customization for mid-size businesses.
14,Off-Page,Backlink Outreach: solutionsreview.com -> /odoo-manufacturing,P1,offpage-outreach,Day 1,Not Started,offpage-outreach,,,,Type: free | Angle: Feature article highlighting key technical upgrades in Odoo 17 manufacturing for digital transformation decision makers.
15,Off-Page,"Guest Post: planet-odoo.com - ""How Manufacturing Companies in India Can Fast-Track Digital Transformation with Odoo 17""",P1,offpage-outreach,Day 1,Not Started,offpage-outreach,,,,"Site value: Planet-Odoo ranks for strong manufacturing and digital ERP keywords, audience includes both Odoo users and digital transformation leads. | Pitch: Offer fresh original data from recent Odoo 17 implementations in India showing production efficiency wins, exclusive for their readers."
16,Off-Page,"Guest Post: manufacturingtodayindia.com - ""Digitizing Retail & Manufacturing: A Practical Guide Using Odoo POS (India)""",P1,offpage-outreach,Day 1,Not Started,offpage-outreach,,,,"Site value: Recognized B2B industry voice—decision makers in Indian manufacturing, high trust and strong topic relevance. | Pitch: Pitch exclusive practical insights and field-tested processes from BiztechCS Odoo POS rollouts in Indian factories and retailers."
17,Off-Page,"Quora Answer: ""What are the benefits of implementing Odoo 17 manufacturing module in Indian factories?""",P2,offpage-outreach,Day 1,Not Started,offpage-outreach,,,,Link to: /odoo-17-manufacturing-module | Angle: Showcase efficiency and digital transformation from real Indian case studies and new Odoo 17 features.
18,Off-Page,"Quora Answer: ""How can businesses customize Odoo CRM to improve customer experience?""",P2,offpage-outreach,Day 1,Not Started,offpage-outreach,,,,Link to: /odoo-crm-module | Angle: Share specific Odoo CRM customization examples that led to measurable uplifts in engagement for enterprise clients.
19,Off-Page,"Quora Answer: ""Is Odoo POS a good fit for Indian retailers versus traditional POS systems?""",P2,offpage-outreach,Day 1,Not Started,offpage-outreach,,,,Link to: /odoo-pos-india | Angle: Highlight unique localization and compliance features within Odoo POS tailored for Indian businesses versus generic products.
20,Off-Page,"Quora Answer: ""What are common technical problems in Odoo manufacturing module and how to solve them?""",P2,offpage-outreach,Day 1,Not Started,offpage-outreach,,,,Link to: /odoo-manufacturing | Angle: Deliver insider-backed technical advice on fixing typical production bottlenecks—especially referencing Core Web Vitals improvements.
21,Off-Page,Reddit: r/Odoo — discussion,P2,offpage-outreach,Day 1,Not Started,offpage-outreach,,,,Link placement: in-comments | Angle: Discuss firsthand lessons learned from deploying Odoo 17 manufacturing in complex Indian factory settings (with anonymized results).
22,Off-Page,Reddit: r/ERP — case-study,P2,offpage-outreach,Day 1,Not Started,offpage-outreach,,,,"Link placement: in-comments | Angle: Share non-promotional case study on digital transformation of a mid-size manufacturer using Odoo POS and CRM, focusing on the process and outcomes rather than product push."
23,Off-Page,Reddit: r/smallbusiness — value-answer,P2,offpage-outreach,Day 1,Not Started,offpage-outreach,,,,"Link placement: in-post | Angle: Answer 'how can Indian SMBs choose between legacy POS and Odoo?' covering compliance, scalability, and support with concrete examples."
24,Off-Page,"LinkedIn Article: ""The Indian Manufacturing Sector’s Digital Leap: Winning with Odoo 17 Manufacturing Module""",P2,offpage-outreach,Day 1,Not Started,offpage-outreach,,,,Audience: Indian manufacturing decision makers and ERP professionals | Hook: Most Indian factories will face a digital tipping point in 2026. Here’s how Odoo 17 is already rewriting productivity baselines.
25,Off-Page,"LinkedIn Article: ""Beyond CRM: Driving Growth with Custom Odoo Solutions""",P2,offpage-outreach,Day 1,Not Started,offpage-outreach,,,,Audience: CEOs and IT heads considering CRM upgrades or digital transformation | Hook: Your next sales jump will come from customizing—not just installing—your CRM. See how leading Indian firms reimagined their pipelines with tailored Odoo workflows.
